image_id,true_label,pred_label,subgroup
img_0000.jpg,melanoma,melanoma,dark
img_0001.jpg,nevus,nevus,light
img_0002.jpg,seborrheic_keratosis,seborrheic_keratosis,medium
img_0003.jpg,basal_cell,melanoma,dark
img_0004.jpg,melanoma,nevus,light
img_0005.jpg,nevus,nevus,medium
img_0006.jpg,seborrheic_keratosis,seborrheic_keratosis,dark
img_0007.jpg,basal_cell,melanoma,light
img_0008.jpg,melanoma,melanoma,medium
img_0009.jpg,nevus,nevus,dark
img_0010.jpg,seborrheic_keratosis,seborrheic_keratosis,light
img_0011.jpg,basal_cell,basal_cell,medium
img_0012.jpg,melanoma,nevus,dark
img_0013.jpg,nevus,nevus,light
img_0014.jpg,seborrheic_keratosis,seborrheic_keratosis,medium
img_0015.jpg,basal_cell,melanoma,dark
img_0016.jpg,melanoma,melanoma,light
img_0017.jpg,nevus,nevus,medium
img_0018.jpg,seborrheic_keratosis,seborrheic_keratosis,dark
img_0019.jpg,basal_cell,melanoma,light
img_0020.jpg,melanoma,nevus,medium
img_0021.jpg,nevus,nevus,dark
img_0022.jpg,seborrheic_keratosis,seborrheic_keratosis,light
img_0023.jpg,basal_cell,melanoma,medium
img_0024.jpg,melanoma,nevus,dark
img_0025.jpg,nevus,nevus,light
img_0026.jpg,seborrheic_keratosis,seborrheic_keratosis,medium
img_0027.jpg,basal_cell,melanoma,dark
img_0028.jpg,melanoma,melanoma,light
img_0029.jpg,nevus,nevus,medium
img_0030.jpg,seborrheic_keratosis,basal_cell,dark
img_0031.jpg,basal_cell,melanoma,light
img_0032.jpg,melanoma,nevus,medium
img_0033.jpg,nevus,nevus,dark
img_0034.jpg,seborrheic_keratosis,seborrheic_keratosis,light
img_0035.jpg,basal_cell,melanoma,medium
img_0036.jpg,melanoma,nevus,dark
img_0037.jpg,nevus,nevus,light
img_0038.jpg,seborrheic_keratosis,seborrheic_keratosis,medium
img_0039.jpg,basal_cell,basal_cell,dark
img_0040.jpg,melanoma,melanoma,light
img_0041.jpg,nevus,nevus,medium
img_0042.jpg,seborrheic_keratosis,basal_cell,dark
img_0043.jpg,basal_cell,basal_cell,light
img_0044.jpg,melanoma,melanoma,medium
img_0045.jpg,nevus,seborrheic_keratosis,dark
img_0046.jpg,seborrheic_keratosis,seborrheic_keratosis,light
img_0047.jpg,basal_cell,basal_cell,medium
img_0048.jpg,melanoma,nevus,dark
img_0049.jpg,nevus,nevus,light
img_0050.jpg,seborrheic_keratosis,seborrheic_keratosis,medium
img_0051.jpg,basal_cell,melanoma,dark
img_0052.jpg,melanoma,melanoma,light
img_0053.jpg,nevus,nevus,medium
img_0054.jpg,seborrheic_keratosis,seborrheic_keratosis,dark
img_0055.jpg,basal_cell,basal_cell,light
img_0056.jpg,melanoma,melanoma,medium
img_0057.jpg,nevus,nevus,dark
img_0058.jpg,seborrheic_keratosis,seborrheic_keratosis,light
img_0059.jpg,basal_cell,basal_cell,medium
img_0060.jpg,melanoma,melanoma,dark
img_0061.jpg,nevus,nevus,light
img_0062.jpg,seborrheic_keratosis,basal_cell,medium
img_0063.jpg,basal_cell,melanoma,dark
img_0064.jpg,melanoma,nevus,light
img_0065.jpg,nevus,nevus,medium
img_0066.jpg,seborrheic_keratosis,basal_cell,dark
img_0067.jpg,basal_cell,basal_cell,light
img_0068.jpg,melanoma,melanoma,medium
img_0069.jpg,nevus,seborrheic_keratosis,dark
img_0070.jpg,seborrheic_keratosis,seborrheic_keratosis,light
img_0071.jpg,basal_cell,basal_cell,medium
img_0072.jpg,melanoma,melanoma,dark
img_0073.jpg,nevus,nevus,light
img_0074.jpg,seborrheic_keratosis,seborrheic_keratosis,medium
img_0075.jpg,basal_cell,melanoma,dark
img_0076.jpg,melanoma,melanoma,light
img_0077.jpg,nevus,nevus,medium
img_0078.jpg,seborrheic_keratosis,basal_cell,dark
img_0079.jpg,basal_cell,basal_cell,light
img_0080.jpg,melanoma,melanoma,medium
img_0081.jpg,nevus,nevus,dark
img_0082.jpg,seborrheic_keratosis,seborrheic_keratosis,light
img_0083.jpg,basal_cell,basal_cell,medium
img_0084.jpg,melanoma,melanoma,dark
img_0085.jpg,nevus,nevus,light
img_0086.jpg,seborrheic_keratosis,seborrheic_keratosis,medium
img_0087.jpg,basal_cell,melanoma,dark
img_0088.jpg,melanoma,melanoma,light
img_0089.jpg,nevus,seborrheic_keratosis,medium
img_0090.jpg,seborrheic_keratosis,seborrheic_keratosis,dark
img_0091.jpg,basal_cell,basal_cell,light
img_0092.jpg,melanoma,nevus,medium
img_0093.jpg,nevus,seborrheic_keratosis,dark
img_0094.jpg,seborrheic_keratosis,seborrheic_keratosis,light
img_0095.jpg,basal_cell,basal_cell,medium
img_0096.jpg,melanoma,nevus,dark
img_0097.jpg,nevus,nevus,light
img_0098.jpg,seborrheic_keratosis,seborrheic_keratosis,medium
img_0099.jpg,basal_cell,melanoma,dark
img_0100.jpg,melanoma,melanoma,light
img_0101.jpg,nevus,seborrheic_keratosis,medium
img_0102.jpg,seborrheic_keratosis,seborrheic_keratosis,dark
img_0103.jpg,basal_cell,basal_cell,light
img_0104.jpg,melanoma,melanoma,medium
img_0105.jpg,nevus,nevus,dark
img_0106.jpg,seborrheic_keratosis,seborrheic_keratosis,light
img_0107.jpg,basal_cell,basal_cell,medium
img_0108.jpg,melanoma,melanoma,dark
img_0109.jpg,nevus,nevus,light
img_0110.jpg,seborrheic_keratosis,basal_cell,medium
img_0111.jpg,basal_cell,basal_cell,dark
img_0112.jpg,melanoma,melanoma,light
img_0113.jpg,nevus,nevus,medium
img_0114.jpg,seborrheic_keratosis,seborrheic_keratosis,dark
img_0115.jpg,basal_cell,basal_cell,light
img_0116.jpg,melanoma,melanoma,medium
img_0117.jpg,nevus,seborrheic_keratosis,dark
img_0118.jpg,seborrheic_keratosis,seborrheic_keratosis,light
img_0119.jpg,basal_cell,basal_cell,medium
img_0120.jpg,melanoma,nevus,dark
img_0121.jpg,nevus,seborrheic_keratosis,light
img_0122.jpg,seborrheic_keratosis,basal_cell,medium
img_0123.jpg,basal_cell,basal_cell,dark
img_0124.jpg,melanoma,melanoma,light
img_0125.jpg,nevus,seborrheic_keratosis,medium
img_0126.jpg,seborrheic_keratosis,seborrheic_keratosis,dark
img_0127.jpg,basal_cell,basal_cell,light
img_0128.jpg,melanoma,melanoma,medium
img_0129.jpg,nevus,nevus,dark
img_0130.jpg,seborrheic_keratosis,seborrheic_keratosis,light
img_0131.jpg,basal_cell,melanoma,medium
img_0132.jpg,melanoma,melanoma,dark
img_0133.jpg,nevus,nevus,light
img_0134.jpg,seborrheic_keratosis,seborrheic_keratosis,medium
img_0135.jpg,basal_cell,basal_cell,dark
img_0136.jpg,melanoma,melanoma,light
img_0137.jpg,nevus,nevus,medium
img_0138.jpg,seborrheic_keratosis,basal_cell,dark
img_0139.jpg,basal_cell,melanoma,light
img_0140.jpg,melanoma,melanoma,medium
img_0141.jpg,nevus,seborrheic_keratosis,dark
img_0142.jpg,seborrheic_keratosis,seborrheic_keratosis,light
img_0143.jpg,basal_cell,basal_cell,medium
img_0144.jpg,melanoma,melanoma,dark
img_0145.jpg,nevus,nevus,light
img_0146.jpg,seborrheic_keratosis,seborrheic_keratosis,medium
img_0147.jpg,basal_cell,melanoma,dark
img_0148.jpg,melanoma,melanoma,light
img_0149.jpg,nevus,nevus,medium
img_0150.jpg,seborrheic_keratosis,basal_cell,dark
img_0151.jpg,basal_cell,basal_cell,light
img_0152.jpg,melanoma,melanoma,medium
img_0153.jpg,nevus,nevus,dark
img_0154.jpg,seborrheic_keratosis,seborrheic_keratosis,light
img_0155.jpg,basal_cell,basal_cell,medium
img_0156.jpg,melanoma,melanoma,dark
img_0157.jpg,nevus,seborrheic_keratosis,light
img_0158.jpg,seborrheic_keratosis,basal_cell,medium
img_0159.jpg,basal_cell,basal_cell,dark
img_0160.jpg,melanoma,melanoma,light
img_0161.jpg,nevus,seborrheic_keratosis,medium
img_0162.jpg,seborrheic_keratosis,basal_cell,dark
img_0163.jpg,basal_cell,melanoma,light
img_0164.jpg,melanoma,melanoma,medium
img_0165.jpg,nevus,nevus,dark
img_0166.jpg,seborrheic_keratosis,seborrheic_keratosis,light
img_0167.jpg,basal_cell,basal_cell,medium
img_0168.jpg,melanoma,nevus,dark
img_0169.jpg,nevus,nevus,light
img_0170.jpg,seborrheic_keratosis,seborrheic_keratosis,medium
img_0171.jpg,basal_cell,melanoma,dark
img_0172.jpg,melanoma,melanoma,light
img_0173.jpg,nevus,nevus,medium
img_0174.jpg,seborrheic_keratosis,seborrheic_keratosis,dark
img_0175.jpg,basal_cell,basal_cell,light
img_0176.jpg,melanoma,nevus,medium
img_0177.jpg,nevus,nevus,dark
img_0178.jpg,seborrheic_keratosis,seborrheic_keratosis,light
img_0179.jpg,basal_cell,basal_cell,medium
img_0180.jpg,melanoma,melanoma,dark
img_0181.jpg,nevus,nevus,light
img_0182.jpg,seborrheic_keratosis,basal_cell,medium
img_0183.jpg,basal_cell,melanoma,dark
img_0184.jpg,melanoma,melanoma,light
img_0185.jpg,nevus,nevus,medium
img_0186.jpg,seborrheic_keratosis,seborrheic_keratosis,dark
img_0187.jpg,basal_cell,basal_cell,light
img_0188.jpg,melanoma,melanoma,medium
img_0189.jpg,nevus,nevus,dark
img_0190.jpg,seborrheic_keratosis,seborrheic_keratosis,light
img_0191.jpg,basal_cell,basal_cell,medium
img_0192.jpg,melanoma,nevus,dark
img_0193.jpg,nevus,nevus,light
img_0194.jpg,seborrheic_keratosis,basal_cell,medium
img_0195.jpg,basal_cell,basal_cell,dark
img_0196.jpg,melanoma,melanoma,light
img_0197.jpg,nevus,nevus,medium
img_0198.jpg,seborrheic_keratosis,seborrheic_keratosis,dark
img_0199.jpg,basal_cell,basal_cell,light
